{
	"anvil_cost": 2,
	"description": {
	"translate": "Solar Aegis"
	},
	"effects": {
		"minecraft:attributes": [
			{
				"amount": {
					"type": "minecraft:linear",
					"base": 1.0,
					"per_level_above_first": 1.0
				},
				"attribute": "minecraft:generic.armor",
				"id": "ifiht:enchantment.solar_aegis",
				"operation": "add_value",
				"slot": "chest"
			}
		]
	},
	"item_modifier": "ifiht:solarized_description",
	"max_cost": {
		"base": 18,
		"per_level_above_first": 8
	},
	"max_level": 2,
	"min_cost": {
		"base": 10,
		"per_level_above_first": 8
	},
	"slots": [
		"armor"
	],
	"supported_items": "#ifiht:enchantable/gold_armor",
	"weight": 10
}
